"token","vsl_id","status","frequency_in_pilot"
"1 là","VSL_TBD_1_la","needs_assignment","4"
"1 trong 3","VSL_TBD_1_trong_3","needs_assignment","4"
"2 là","VSL_TBD_2_la","needs_assignment","4"
"2 viên","VSL_618_2__VSL_VIEN","ready","4"
"3 là","VSL_TBD_3_la","needs_assignment","4"
"3 viên","VSL_619_3__VSL_VIEN","ready","2"
"4 viên","VSL_620_4__VSL_VIEN","ready","1"
"4-6 tiếng","VSL_TBD_4_6_tieng","needs_assignment","1"
"Bác sĩ","VSL_TBD_bac_si","needs_assignment","4"
"BẮT BUỘC","VSL_TBD_bat_buoc","needs_assignment","1"
"Dược sĩ","VSL_TBD_duoc_si","needs_assignment","4"
"KHÔNG","VSL_TBD_khong_upper","needs_assignment","1"
"buổi chiều","VSL_967_buoi_chieu","ready","2"
"buổi sáng","VSL_BUOI_SANG","ready","4"
"bác sĩ kê thuốc","VSL_DOCTOR_PRESCRIBE","ready","4"
"cao huyết áp","VSL_027_cao_huyet_ap","ready","2"
"cách nhau","VSL_TBD_cach_nhau","needs_assignment","1"
"có thể","VSL_TBD_co_the","needs_assignment","5"
"cảm thấy","VSL_CAM_THAY","ready","1"
"dễ chịu hơn","VSL_008_de_chiu_hon","ready","1"
"dị ứng","VSL_DI_UNG","ready","4"
"dừng thuốc","VSL_TBD_dung_thuoc","needs_assignment","4"
"dừng thuốc sớm","VSL_TBD_dung_thuoc_som","needs_assignment","1"
"giúp bạn","VSL_008_giup_ban","ready","1"
"giảm","VSL_004_giam","ready","3"
"hại gan","VSL_TBD_hai_gan","needs_assignment","1"
"hỏi","VSL_TBD_hoi","needs_assignment","4"
"khó thở","VSL_TBD_kho_tho","needs_assignment","4"
"không","VSL_TBD_khong","needs_assignment","2"
"không chắc chắn","VSL_TBD_khong_chac_chan","needs_assignment","4"
"không quá","VSL_TBD_khong_qua","needs_assignment","1"
"mang theo","VSL_TBD_mang_theo","needs_assignment","4"
"mề đay","VSL_052_me_day","ready","4"
"mỗi lần uống","VSL_TBD_moi_lan_uong","needs_assignment","1"
"mỗi ngày","VSL_229_moi_ngay","ready","7"
"ngay lập tức","VSL_TBD_ngay_lap_tuc","needs_assignment","4"
"nguy cơ","VSL_NGUYEN_CO","ready","2"
"nguy hiểm","VSL_TBD_nguy_hiem","needs_assignment","4"
"ngừng thuốc","VSL_TBD_ngung_thuoc","needs_assignment","2"
"nếu gặp","VSL_TBD_neu_gap","needs_assignment","4"
"nốt đỏ","VSL_TBD_not_do","needs_assignment","4"
"phù mặt","VSL_052_phu_mat","ready","4"
"số 1","VSL_008_so1","ready","4"
"sử dụng thuốc","VSL_TBD_su_dung_thuoc","needs_assignment","4"
"tiêu chảy","VSL_039_tieu_chay","ready","1"
"triệu chứng trên","VSL_TBD_trieu_chung_tren","needs_assignment","4"
"trong quá trình","VSL_TBD_trong_qua_trinh","needs_assignment","4"
"tác dụng phụ","VSL_TBD_tac_dung_phu","needs_assignment","4"
"tính mạng","VSL_TBD_tinh_mang","needs_assignment","4"
"tự ý","VSL_TBD_tu_y","needs_assignment","2"
"uống","VSL_UONG","ready","6"
"uống hết","VSL_TBD_uong_het","needs_assignment","1"
"uống nhiều","VSL_TBD_uong_nhieu","needs_assignment","1"
"và","VSL_VA","ready","2"
"vỏ hộp thuốc","VSL_TBD_vo_hop_thuoc","needs_assignment","4"
"đau họng","VSL_019_dau_hong","ready","1"
"đi cấp cứu","VSL_TBD_di_cap_cuu","needs_assignment","4"
"đơn thuốc","VSL_TBD_don_thuoc","needs_assignment","1"
"đều đặn","VSL_TBD_deu_dan","needs_assignment","2"
